[
{
    "model": "auth.permission",
    "pk": 1,
    "fields": {
        "name": "Can add log entry",
        "content_type": 1,
        "codename": "add_logentry"
    }
},
{
    "model": "auth.permission",
    "pk": 2,
    "fields": {
        "name": "Can change log entry",
        "content_type": 1,
        "codename": "change_logentry"
    }
},
{
    "model": "auth.permission",
    "pk": 3,
    "fields": {
        "name": "Can delete log entry",
        "content_type": 1,
        "codename": "delete_logentry"
    }
},
{
    "model": "auth.permission",
    "pk": 4,
    "fields": {
        "name": "Can view log entry",
        "content_type": 1,
        "codename": "view_logentry"
    }
},
{
    "model": "auth.permission",
    "pk": 5,
    "fields": {
        "name": "Can add permission",
        "content_type": 2,
        "codename": "add_permission"
    }
},
{
    "model": "auth.permission",
    "pk": 6,
    "fields": {
        "name": "Can change permission",
        "content_type": 2,
        "codename": "change_permission"
    }
},
{
    "model": "auth.permission",
    "pk": 7,
    "fields": {
        "name": "Can delete permission",
        "content_type": 2,
        "codename": "delete_permission"
    }
},
{
    "model": "auth.permission",
    "pk": 8,
    "fields": {
        "name": "Can view permission",
        "content_type": 2,
        "codename": "view_permission"
    }
},
{
    "model": "auth.permission",
    "pk": 9,
    "fields": {
        "name": "Can add group",
        "content_type": 3,
        "codename": "add_group"
    }
},
{
    "model": "auth.permission",
    "pk": 10,
    "fields": {
        "name": "Can change group",
        "content_type": 3,
        "codename": "change_group"
    }
},
{
    "model": "auth.permission",
    "pk": 11,
    "fields": {
        "name": "Can delete group",
        "content_type": 3,
        "codename": "delete_group"
    }
},
{
    "model": "auth.permission",
    "pk": 12,
    "fields": {
        "name": "Can view group",
        "content_type": 3,
        "codename": "view_group"
    }
},
{
    "model": "auth.permission",
    "pk": 13,
    "fields": {
        "name": "Can add user",
        "content_type": 4,
        "codename": "add_user"
    }
},
{
    "model": "auth.permission",
    "pk": 14,
    "fields": {
        "name": "Can change user",
        "content_type": 4,
        "codename": "change_user"
    }
},
{
    "model": "auth.permission",
    "pk": 15,
    "fields": {
        "name": "Can delete user",
        "content_type": 4,
        "codename": "delete_user"
    }
},
{
    "model": "auth.permission",
    "pk": 16,
    "fields": {
        "name": "Can view user",
        "content_type": 4,
        "codename": "view_user"
    }
},
{
    "model": "auth.permission",
    "pk": 17,
    "fields": {
        "name": "Can add content type",
        "content_type": 5,
        "codename": "add_contenttype"
    }
},
{
    "model": "auth.permission",
    "pk": 18,
    "fields": {
        "name": "Can change content type",
        "content_type": 5,
        "codename": "change_contenttype"
    }
},
{
    "model": "auth.permission",
    "pk": 19,
    "fields": {
        "name": "Can delete content type",
        "content_type": 5,
        "codename": "delete_contenttype"
    }
},
{
    "model": "auth.permission",
    "pk": 20,
    "fields": {
        "name": "Can view content type",
        "content_type": 5,
        "codename": "view_contenttype"
    }
},
{
    "model": "auth.permission",
    "pk": 21,
    "fields": {
        "name": "Can add session",
        "content_type": 6,
        "codename": "add_session"
    }
},
{
    "model": "auth.permission",
    "pk": 22,
    "fields": {
        "name": "Can change session",
        "content_type": 6,
        "codename": "change_session"
    }
},
{
    "model": "auth.permission",
    "pk": 23,
    "fields": {
        "name": "Can delete session",
        "content_type": 6,
        "codename": "delete_session"
    }
},
{
    "model": "auth.permission",
    "pk": 24,
    "fields": {
        "name": "Can view session",
        "content_type": 6,
        "codename": "view_session"
    }
},
{
    "model": "auth.permission",
    "pk": 25,
    "fields": {
        "name": "Can add site",
        "content_type": 7,
        "codename": "add_site"
    }
},
{
    "model": "auth.permission",
    "pk": 26,
    "fields": {
        "name": "Can change site",
        "content_type": 7,
        "codename": "change_site"
    }
},
{
    "model": "auth.permission",
    "pk": 27,
    "fields": {
        "name": "Can delete site",
        "content_type": 7,
        "codename": "delete_site"
    }
},
{
    "model": "auth.permission",
    "pk": 28,
    "fields": {
        "name": "Can view site",
        "content_type": 7,
        "codename": "view_site"
    }
},
{
    "model": "auth.permission",
    "pk": 29,
    "fields": {
        "name": "Can add subscriber",
        "content_type": 8,
        "codename": "add_subscriber"
    }
},
{
    "model": "auth.permission",
    "pk": 30,
    "fields": {
        "name": "Can change subscriber",
        "content_type": 8,
        "codename": "change_subscriber"
    }
},
{
    "model": "auth.permission",
    "pk": 31,
    "fields": {
        "name": "Can delete subscriber",
        "content_type": 8,
        "codename": "delete_subscriber"
    }
},
{
    "model": "auth.permission",
    "pk": 32,
    "fields": {
        "name": "Can view subscriber",
        "content_type": 8,
        "codename": "view_subscriber"
    }
},
{
    "model": "auth.permission",
    "pk": 33,
    "fields": {
        "name": "Can View Sneakers",
        "content_type": 8,
        "codename": "can_view_sneakers"
    }
},
{
    "model": "auth.permission",
    "pk": 34,
    "fields": {
        "name": "Is Contributor",
        "content_type": 8,
        "codename": "is_contributor"
    }
},
{
    "model": "auth.permission",
    "pk": 35,
    "fields": {
        "name": "Can View Blogs",
        "content_type": 8,
        "codename": "can_view_blogs"
    }
},
{
    "model": "auth.permission",
    "pk": 36,
    "fields": {
        "name": "Can add profile",
        "content_type": 9,
        "codename": "add_profile"
    }
},
{
    "model": "auth.permission",
    "pk": 37,
    "fields": {
        "name": "Can change profile",
        "content_type": 9,
        "codename": "change_profile"
    }
},
{
    "model": "auth.permission",
    "pk": 38,
    "fields": {
        "name": "Can delete profile",
        "content_type": 9,
        "codename": "delete_profile"
    }
},
{
    "model": "auth.permission",
    "pk": 39,
    "fields": {
        "name": "Can view profile",
        "content_type": 9,
        "codename": "view_profile"
    }
},
{
    "model": "auth.permission",
    "pk": 40,
    "fields": {
        "name": "Can add blog post",
        "content_type": 10,
        "codename": "add_blogpost"
    }
},
{
    "model": "auth.permission",
    "pk": 41,
    "fields": {
        "name": "Can change blog post",
        "content_type": 10,
        "codename": "change_blogpost"
    }
},
{
    "model": "auth.permission",
    "pk": 42,
    "fields": {
        "name": "Can delete blog post",
        "content_type": 10,
        "codename": "delete_blogpost"
    }
},
{
    "model": "auth.permission",
    "pk": 43,
    "fields": {
        "name": "Can view blog post",
        "content_type": 10,
        "codename": "view_blogpost"
    }
},
{
    "model": "auth.permission",
    "pk": 44,
    "fields": {
        "name": "Can add sneaker",
        "content_type": 11,
        "codename": "add_sneaker"
    }
},
{
    "model": "auth.permission",
    "pk": 45,
    "fields": {
        "name": "Can change sneaker",
        "content_type": 11,
        "codename": "change_sneaker"
    }
},
{
    "model": "auth.permission",
    "pk": 46,
    "fields": {
        "name": "Can delete sneaker",
        "content_type": 11,
        "codename": "delete_sneaker"
    }
},
{
    "model": "auth.permission",
    "pk": 47,
    "fields": {
        "name": "Can view sneaker",
        "content_type": 11,
        "codename": "view_sneaker"
    }
},
{
    "model": "auth.permission",
    "pk": 48,
    "fields": {
        "name": "Can add sneaker rack",
        "content_type": 12,
        "codename": "add_sneakerrack"
    }
},
{
    "model": "auth.permission",
    "pk": 49,
    "fields": {
        "name": "Can change sneaker rack",
        "content_type": 12,
        "codename": "change_sneakerrack"
    }
},
{
    "model": "auth.permission",
    "pk": 50,
    "fields": {
        "name": "Can delete sneaker rack",
        "content_type": 12,
        "codename": "delete_sneakerrack"
    }
},
{
    "model": "auth.permission",
    "pk": 51,
    "fields": {
        "name": "Can view sneaker rack",
        "content_type": 12,
        "codename": "view_sneakerrack"
    }
},
{
    "model": "auth.permission",
    "pk": 52,
    "fields": {
        "name": "Can add post",
        "content_type": 13,
        "codename": "add_post"
    }
},
{
    "model": "auth.permission",
    "pk": 53,
    "fields": {
        "name": "Can change post",
        "content_type": 13,
        "codename": "change_post"
    }
},
{
    "model": "auth.permission",
    "pk": 54,
    "fields": {
        "name": "Can delete post",
        "content_type": 13,
        "codename": "delete_post"
    }
},
{
    "model": "auth.permission",
    "pk": 55,
    "fields": {
        "name": "Can view post",
        "content_type": 13,
        "codename": "view_post"
    }
},
{
    "model": "auth.permission",
    "pk": 56,
    "fields": {
        "name": "Can add like",
        "content_type": 14,
        "codename": "add_like"
    }
},
{
    "model": "auth.permission",
    "pk": 57,
    "fields": {
        "name": "Can change like",
        "content_type": 14,
        "codename": "change_like"
    }
},
{
    "model": "auth.permission",
    "pk": 58,
    "fields": {
        "name": "Can delete like",
        "content_type": 14,
        "codename": "delete_like"
    }
},
{
    "model": "auth.permission",
    "pk": 59,
    "fields": {
        "name": "Can view like",
        "content_type": 14,
        "codename": "view_like"
    }
},
{
    "model": "auth.permission",
    "pk": 60,
    "fields": {
        "name": "Can add action",
        "content_type": 15,
        "codename": "add_action"
    }
},
{
    "model": "auth.permission",
    "pk": 61,
    "fields": {
        "name": "Can change action",
        "content_type": 15,
        "codename": "change_action"
    }
},
{
    "model": "auth.permission",
    "pk": 62,
    "fields": {
        "name": "Can delete action",
        "content_type": 15,
        "codename": "delete_action"
    }
},
{
    "model": "auth.permission",
    "pk": 63,
    "fields": {
        "name": "Can view action",
        "content_type": 15,
        "codename": "view_action"
    }
},
{
    "model": "auth.permission",
    "pk": 64,
    "fields": {
        "name": "Can add follow",
        "content_type": 16,
        "codename": "add_follow"
    }
},
{
    "model": "auth.permission",
    "pk": 65,
    "fields": {
        "name": "Can change follow",
        "content_type": 16,
        "codename": "change_follow"
    }
},
{
    "model": "auth.permission",
    "pk": 66,
    "fields": {
        "name": "Can delete follow",
        "content_type": 16,
        "codename": "delete_follow"
    }
},
{
    "model": "auth.permission",
    "pk": 67,
    "fields": {
        "name": "Can view follow",
        "content_type": 16,
        "codename": "view_follow"
    }
},
{
    "model": "auth.user",
    "pk": 1,
    "fields": {
        "password": "solehunt",
        "last_login": null,
        "is_superuser": false,
        "username": "Tomas",
        "first_name": "",
        "last_name": "",
        "email": "Tomas@example.com",
        "is_staff": false,
        "is_active": true,
        "date_joined": "2020-05-13T23:46:09.044Z",
        "groups": [],
        "user_permissions": []
    }
},
{
    "model": "auth.user",
    "pk": 2,
    "fields": {
        "password": "solehunt",
        "last_login": null,
        "is_superuser": false,
        "username": "Jo",
        "first_name": "",
        "last_name": "",
        "email": "Jo@example.com",
        "is_staff": false,
        "is_active": true,
        "date_joined": "2020-05-13T23:46:11.376Z",
        "groups": [],
        "user_permissions": []
    }
},
{
    "model": "auth.user",
    "pk": 3,
    "fields": {
        "password": "solehunt",
        "last_login": null,
        "is_superuser": false,
        "username": "Ashley",
        "first_name": "",
        "last_name": "",
        "email": "Ashley@example.com",
        "is_staff": false,
        "is_active": true,
        "date_joined": "2020-05-13T23:46:12.016Z",
        "groups": [],
        "user_permissions": []
    }
},
{
    "model": "auth.user",
    "pk": 4,
    "fields": {
        "password": "solehunt",
        "last_login": null,
        "is_superuser": false,
        "username": "Dale",
        "first_name": "",
        "last_name": "",
        "email": "Dale@example.com",
        "is_staff": false,
        "is_active": true,
        "date_joined": "2020-05-13T23:46:12.652Z",
        "groups": [],
        "user_permissions": []
    }
},
{
    "model": "auth.user",
    "pk": 5,
    "fields": {
        "password": "solehunt",
        "last_login": null,
        "is_superuser": false,
        "username": "Oneida",
        "first_name": "",
        "last_name": "",
        "email": "Oneida@example.com",
        "is_staff": false,
        "is_active": true,
        "date_joined": "2020-05-13T23:46:13.224Z",
        "groups": [],
        "user_permissions": []
    }
},
{
    "model": "auth.user",
    "pk": 6,
    "fields": {
        "password": "solehunt",
        "last_login": null,
        "is_superuser": false,
        "username": "Roger",
        "first_name": "",
        "last_name": "",
        "email": "Roger@example.com",
        "is_staff": false,
        "is_active": true,
        "date_joined": "2020-05-13T23:46:13.833Z",
        "groups": [],
        "user_permissions": []
    }
},
{
    "model": "auth.user",
    "pk": 7,
    "fields": {
        "password": "solehunt",
        "last_login": null,
        "is_superuser": false,
        "username": "Sherice",
        "first_name": "",
        "last_name": "",
        "email": "Sherice@example.com",
        "is_staff": false,
        "is_active": true,
        "date_joined": "2020-05-13T23:46:14.406Z",
        "groups": [],
        "user_permissions": []
    }
},
{
    "model": "auth.user",
    "pk": 8,
    "fields": {
        "password": "solehunt",
        "last_login": null,
        "is_superuser": false,
        "username": "Arthur",
        "first_name": "",
        "last_name": "",
        "email": "Arthur@example.com",
        "is_staff": false,
        "is_active": true,
        "date_joined": "2020-05-13T23:46:14.971Z",
        "groups": [],
        "user_permissions": []
    }
},
{
    "model": "auth.user",
    "pk": 9,
    "fields": {
        "password": "solehunt",
        "last_login": null,
        "is_superuser": false,
        "username": "Richard",
        "first_name": "",
        "last_name": "",
        "email": "Richard@example.com",
        "is_staff": false,
        "is_active": true,
        "date_joined": "2020-05-13T23:46:15.517Z",
        "groups": [],
        "user_permissions": []
    }
},
{
    "model": "auth.user",
    "pk": 10,
    "fields": {
        "password": "solehunt",
        "last_login": null,
        "is_superuser": false,
        "username": "Corey",
        "first_name": "",
        "last_name": "",
        "email": "Corey@example.com",
        "is_staff": false,
        "is_active": true,
        "date_joined": "2020-05-13T23:46:16.146Z",
        "groups": [],
        "user_permissions": []
    }
},
{
    "model": "sites.site",
    "pk": 1,
    "fields": {
        "domain": "example.com",
        "name": "example.com"
    }
},
{
    "model": "subscribers.subscriber",
    "pk": 1,
    "fields": {
        "alias": "Elias Lehn",
        "profile": null,
        "isActive": true,
        "isContributor": false
    }
},
{
    "model": "subscribers.subscriber",
    "pk": 2,
    "fields": {
        "alias": "Janay Carrillo",
        "profile": null,
        "isActive": true,
        "isContributor": false
    }
},
{
    "model": "subscribers.subscriber",
    "pk": 3,
    "fields": {
        "alias": "Vincent Cummings",
        "profile": null,
        "isActive": true,
        "isContributor": false
    }
},
{
    "model": "subscribers.subscriber",
    "pk": 4,
    "fields": {
        "alias": "Laura Wright",
        "profile": null,
        "isActive": true,
        "isContributor": false
    }
},
{
    "model": "subscribers.subscriber",
    "pk": 5,
    "fields": {
        "alias": "Alberta Sexton",
        "profile": null,
        "isActive": true,
        "isContributor": false
    }
},
{
    "model": "subscribers.subscriber",
    "pk": 6,
    "fields": {
        "alias": "Laura Griffin",
        "profile": null,
        "isActive": true,
        "isContributor": false
    }
},
{
    "model": "subscribers.subscriber",
    "pk": 7,
    "fields": {
        "alias": "Robert Mathis",
        "profile": null,
        "isActive": true,
        "isContributor": false
    }
},
{
    "model": "subscribers.subscriber",
    "pk": 8,
    "fields": {
        "alias": "Mary Leggette",
        "profile": null,
        "isActive": true,
        "isContributor": false
    }
},
{
    "model": "subscribers.subscriber",
    "pk": 9,
    "fields": {
        "alias": "Meghan Anderson",
        "profile": null,
        "isActive": true,
        "isContributor": false
    }
},
{
    "model": "subscribers.subscriber",
    "pk": 10,
    "fields": {
        "alias": "Ronald Rasche",
        "profile": null,
        "isActive": true,
        "isContributor": false
    }
},
{
    "model": "accounts.profile",
    "pk": 1,
    "fields": {
        "user": 1,
        "twitter_id": "1",
        "first_name": "Chad",
        "last_name": "Denton",
        "email": "Chad.Denton@example.com",
        "bio": "testing",
        "avatar": "",
        "isSubscribedToDigest": false,
        "subscriber": 1,
        "signupConfirmation": false,
        "isRegistered": false
    }
},
{
    "model": "accounts.profile",
    "pk": 2,
    "fields": {
        "user": 2,
        "twitter_id": "1",
        "first_name": "Alexis",
        "last_name": "Wells",
        "email": "Alexis.Wells@example.com",
        "bio": "testing",
        "avatar": "",
        "isSubscribedToDigest": false,
        "subscriber": 2,
        "signupConfirmation": false,
        "isRegistered": false
    }
},
{
    "model": "accounts.profile",
    "pk": 3,
    "fields": {
        "user": 3,
        "twitter_id": "1",
        "first_name": "Michael",
        "last_name": "Sheline",
        "email": "Michael.Sheline@example.com",
        "bio": "testing",
        "avatar": "",
        "isSubscribedToDigest": false,
        "subscriber": 3,
        "signupConfirmation": false,
        "isRegistered": false
    }
},
{
    "model": "accounts.profile",
    "pk": 4,
    "fields": {
        "user": 4,
        "twitter_id": "1",
        "first_name": "Theresa",
        "last_name": "Mcdevitt",
        "email": "Theresa.Mcdevitt@example.com",
        "bio": "testing",
        "avatar": "",
        "isSubscribedToDigest": false,
        "subscriber": 4,
        "signupConfirmation": false,
        "isRegistered": false
    }
},
{
    "model": "accounts.profile",
    "pk": 5,
    "fields": {
        "user": 5,
        "twitter_id": "1",
        "first_name": "Joseph",
        "last_name": "Robinson",
        "email": "Joseph.Robinson@example.com",
        "bio": "testing",
        "avatar": "",
        "isSubscribedToDigest": false,
        "subscriber": 5,
        "signupConfirmation": false,
        "isRegistered": false
    }
},
{
    "model": "accounts.profile",
    "pk": 6,
    "fields": {
        "user": 6,
        "twitter_id": "1",
        "first_name": "Kenneth",
        "last_name": "Mounts",
        "email": "Kenneth.Mounts@example.com",
        "bio": "testing",
        "avatar": "",
        "isSubscribedToDigest": false,
        "subscriber": 6,
        "signupConfirmation": false,
        "isRegistered": false
    }
},
{
    "model": "accounts.profile",
    "pk": 7,
    "fields": {
        "user": 7,
        "twitter_id": "1",
        "first_name": "Richard",
        "last_name": "Waters",
        "email": "Richard.Waters@example.com",
        "bio": "testing",
        "avatar": "",
        "isSubscribedToDigest": false,
        "subscriber": 7,
        "signupConfirmation": false,
        "isRegistered": false
    }
},
{
    "model": "accounts.profile",
    "pk": 8,
    "fields": {
        "user": 8,
        "twitter_id": "1",
        "first_name": "Refugia",
        "last_name": "Jacobs",
        "email": "Refugia.Jacobs@example.com",
        "bio": "testing",
        "avatar": "",
        "isSubscribedToDigest": false,
        "subscriber": 8,
        "signupConfirmation": false,
        "isRegistered": false
    }
},
{
    "model": "accounts.profile",
    "pk": 9,
    "fields": {
        "user": 9,
        "twitter_id": "1",
        "first_name": "Sandra",
        "last_name": "Kirk",
        "email": "Sandra.Kirk@example.com",
        "bio": "testing",
        "avatar": "",
        "isSubscribedToDigest": false,
        "subscriber": 9,
        "signupConfirmation": false,
        "isRegistered": false
    }
},
{
    "model": "accounts.profile",
    "pk": 10,
    "fields": {
        "user": 10,
        "twitter_id": "1",
        "first_name": "Mario",
        "last_name": "Taylor",
        "email": "Mario.Taylor@example.com",
        "bio": "testing",
        "avatar": "",
        "isSubscribedToDigest": false,
        "subscriber": 10,
        "signupConfirmation": false,
        "isRegistered": false
    }
},
{
    "model": "blog.blogpost",
    "pk": 1,
    "fields": {
        "post_id": "1",
        "subscriber": 1,
        "slug": "hey yall",
        "title": "what",
        "body": "ok",
        "timestamp": "23:46:09.050",
        "url": "",
        "context": "yeah",
        "excerpt": "because"
    }
},
{
    "model": "blog.blogpost",
    "pk": 2,
    "fields": {
        "post_id": "1",
        "subscriber": 2,
        "slug": "hey yall",
        "title": "what",
        "body": "ok",
        "timestamp": "23:46:09.050",
        "url": "",
        "context": "yeah",
        "excerpt": "because"
    }
},
{
    "model": "blog.blogpost",
    "pk": 3,
    "fields": {
        "post_id": "1",
        "subscriber": 3,
        "slug": "hey yall",
        "title": "what",
        "body": "ok",
        "timestamp": "23:46:09.050",
        "url": "",
        "context": "yeah",
        "excerpt": "because"
    }
},
{
    "model": "blog.blogpost",
    "pk": 4,
    "fields": {
        "post_id": "1",
        "subscriber": 4,
        "slug": "hey yall",
        "title": "what",
        "body": "ok",
        "timestamp": "23:46:09.050",
        "url": "",
        "context": "yeah",
        "excerpt": "because"
    }
},
{
    "model": "blog.blogpost",
    "pk": 5,
    "fields": {
        "post_id": "1",
        "subscriber": 5,
        "slug": "hey yall",
        "title": "what",
        "body": "ok",
        "timestamp": "23:46:09.050",
        "url": "",
        "context": "yeah",
        "excerpt": "because"
    }
},
{
    "model": "blog.blogpost",
    "pk": 6,
    "fields": {
        "post_id": "1",
        "subscriber": 6,
        "slug": "hey yall",
        "title": "what",
        "body": "ok",
        "timestamp": "23:46:09.050",
        "url": "",
        "context": "yeah",
        "excerpt": "because"
    }
},
{
    "model": "blog.blogpost",
    "pk": 7,
    "fields": {
        "post_id": "1",
        "subscriber": 7,
        "slug": "hey yall",
        "title": "what",
        "body": "ok",
        "timestamp": "23:46:09.050",
        "url": "",
        "context": "yeah",
        "excerpt": "because"
    }
},
{
    "model": "blog.blogpost",
    "pk": 8,
    "fields": {
        "post_id": "1",
        "subscriber": 8,
        "slug": "hey yall",
        "title": "what",
        "body": "ok",
        "timestamp": "23:46:09.050",
        "url": "",
        "context": "yeah",
        "excerpt": "because"
    }
},
{
    "model": "blog.blogpost",
    "pk": 9,
    "fields": {
        "post_id": "1",
        "subscriber": 9,
        "slug": "hey yall",
        "title": "what",
        "body": "ok",
        "timestamp": "23:46:09.050",
        "url": "",
        "context": "yeah",
        "excerpt": "because"
    }
},
{
    "model": "blog.blogpost",
    "pk": 10,
    "fields": {
        "post_id": "1",
        "subscriber": 10,
        "slug": "hey yall",
        "title": "what",
        "body": "ok",
        "timestamp": "23:46:09.050",
        "url": "",
        "context": "yeah",
        "excerpt": "because"
    }
},
{
    "model": "sneaker_rack.sneaker",
    "pk": 1,
    "fields": {
        "brand": "Nike",
        "color": "Black",
        "size": "10",
        "style": "Air Max",
        "isFavorite": false,
        "subscriber": 1,
        "rack": null
    }
},
{
    "model": "sneaker_rack.sneaker",
    "pk": 2,
    "fields": {
        "brand": "Nike",
        "color": "Black",
        "size": "10",
        "style": "Air Max",
        "isFavorite": false,
        "subscriber": 2,
        "rack": null
    }
},
{
    "model": "sneaker_rack.sneaker",
    "pk": 3,
    "fields": {
        "brand": "Nike",
        "color": "Black",
        "size": "10",
        "style": "Air Max",
        "isFavorite": false,
        "subscriber": 3,
        "rack": null
    }
},
{
    "model": "sneaker_rack.sneaker",
    "pk": 4,
    "fields": {
        "brand": "Nike",
        "color": "Black",
        "size": "10",
        "style": "Air Max",
        "isFavorite": false,
        "subscriber": 4,
        "rack": null
    }
},
{
    "model": "sneaker_rack.sneaker",
    "pk": 5,
    "fields": {
        "brand": "Nike",
        "color": "Black",
        "size": "10",
        "style": "Air Max",
        "isFavorite": false,
        "subscriber": 5,
        "rack": null
    }
},
{
    "model": "sneaker_rack.sneaker",
    "pk": 6,
    "fields": {
        "brand": "Nike",
        "color": "Black",
        "size": "10",
        "style": "Air Max",
        "isFavorite": false,
        "subscriber": 6,
        "rack": null
    }
},
{
    "model": "sneaker_rack.sneaker",
    "pk": 7,
    "fields": {
        "brand": "Nike",
        "color": "Black",
        "size": "10",
        "style": "Air Max",
        "isFavorite": false,
        "subscriber": 7,
        "rack": null
    }
},
{
    "model": "sneaker_rack.sneaker",
    "pk": 8,
    "fields": {
        "brand": "Nike",
        "color": "Black",
        "size": "10",
        "style": "Air Max",
        "isFavorite": false,
        "subscriber": 8,
        "rack": null
    }
},
{
    "model": "sneaker_rack.sneaker",
    "pk": 9,
    "fields": {
        "brand": "Nike",
        "color": "Black",
        "size": "10",
        "style": "Air Max",
        "isFavorite": false,
        "subscriber": 9,
        "rack": null
    }
},
{
    "model": "sneaker_rack.sneaker",
    "pk": 10,
    "fields": {
        "brand": "Nike",
        "color": "Black",
        "size": "10",
        "style": "Air Max",
        "isFavorite": false,
        "subscriber": 10,
        "rack": null
    }
},
{
    "model": "sneaker_rack.sneakerrack",
    "pk": 1,
    "fields": {
        "subscriber": 1
    }
},
{
    "model": "sneaker_rack.sneakerrack",
    "pk": 2,
    "fields": {
        "subscriber": 2
    }
},
{
    "model": "sneaker_rack.sneakerrack",
    "pk": 3,
    "fields": {
        "subscriber": 3
    }
},
{
    "model": "sneaker_rack.sneakerrack",
    "pk": 4,
    "fields": {
        "subscriber": 4
    }
},
{
    "model": "sneaker_rack.sneakerrack",
    "pk": 5,
    "fields": {
        "subscriber": 5
    }
},
{
    "model": "sneaker_rack.sneakerrack",
    "pk": 6,
    "fields": {
        "subscriber": 6
    }
},
{
    "model": "sneaker_rack.sneakerrack",
    "pk": 7,
    "fields": {
        "subscriber": 7
    }
},
{
    "model": "sneaker_rack.sneakerrack",
    "pk": 8,
    "fields": {
        "subscriber": 8
    }
},
{
    "model": "sneaker_rack.sneakerrack",
    "pk": 9,
    "fields": {
        "subscriber": 9
    }
},
{
    "model": "sneaker_rack.sneakerrack",
    "pk": 10,
    "fields": {
        "subscriber": 10
    }
},
{
    "model": "posts.post",
    "pk": 1,
    "fields": {
        "subscriber": 1,
        "title": "hunting season",
        "slug": "test",
        "body": "time to hunt",
        "timestamp": "23:46:09.054",
        "isActive": true
    }
},
{
    "model": "posts.post",
    "pk": 2,
    "fields": {
        "subscriber": 2,
        "title": "hunting season",
        "slug": "test",
        "body": "time to hunt",
        "timestamp": "23:46:11.381",
        "isActive": true
    }
},
{
    "model": "posts.post",
    "pk": 3,
    "fields": {
        "subscriber": 3,
        "title": "hunting season",
        "slug": "test",
        "body": "time to hunt",
        "timestamp": "23:46:12.020",
        "isActive": true
    }
},
{
    "model": "posts.post",
    "pk": 4,
    "fields": {
        "subscriber": 4,
        "title": "hunting season",
        "slug": "test",
        "body": "time to hunt",
        "timestamp": "23:46:12.657",
        "isActive": true
    }
},
{
    "model": "posts.post",
    "pk": 5,
    "fields": {
        "subscriber": 5,
        "title": "hunting season",
        "slug": "test",
        "body": "time to hunt",
        "timestamp": "23:46:13.227",
        "isActive": true
    }
},
{
    "model": "posts.post",
    "pk": 6,
    "fields": {
        "subscriber": 6,
        "title": "hunting season",
        "slug": "test",
        "body": "time to hunt",
        "timestamp": "23:46:13.837",
        "isActive": true
    }
},
{
    "model": "posts.post",
    "pk": 7,
    "fields": {
        "subscriber": 7,
        "title": "hunting season",
        "slug": "test",
        "body": "time to hunt",
        "timestamp": "23:46:14.409",
        "isActive": true
    }
},
{
    "model": "posts.post",
    "pk": 8,
    "fields": {
        "subscriber": 8,
        "title": "hunting season",
        "slug": "test",
        "body": "time to hunt",
        "timestamp": "23:46:14.975",
        "isActive": true
    }
},
{
    "model": "posts.post",
    "pk": 9,
    "fields": {
        "subscriber": 9,
        "title": "hunting season",
        "slug": "test",
        "body": "time to hunt",
        "timestamp": "23:46:15.520",
        "isActive": true
    }
},
{
    "model": "posts.post",
    "pk": 10,
    "fields": {
        "subscriber": 10,
        "title": "hunting season",
        "slug": "test",
        "body": "time to hunt",
        "timestamp": "23:46:16.150",
        "isActive": true
    }
},
{
    "model": "posts.like",
    "pk": 1,
    "fields": {
        "post": 1,
        "createdAt": "2020-05-13T23:46:09.060Z",
        "isActive": true,
        "likedBy": 1
    }
},
{
    "model": "posts.like",
    "pk": 2,
    "fields": {
        "post": 2,
        "createdAt": "2020-05-13T23:46:11.386Z",
        "isActive": true,
        "likedBy": 2
    }
},
{
    "model": "posts.like",
    "pk": 3,
    "fields": {
        "post": 3,
        "createdAt": "2020-05-13T23:46:12.024Z",
        "isActive": true,
        "likedBy": 3
    }
},
{
    "model": "posts.like",
    "pk": 4,
    "fields": {
        "post": 4,
        "createdAt": "2020-05-13T23:46:12.660Z",
        "isActive": true,
        "likedBy": 4
    }
},
{
    "model": "posts.like",
    "pk": 5,
    "fields": {
        "post": 5,
        "createdAt": "2020-05-13T23:46:13.231Z",
        "isActive": true,
        "likedBy": 5
    }
},
{
    "model": "posts.like",
    "pk": 6,
    "fields": {
        "post": 6,
        "createdAt": "2020-05-13T23:46:13.841Z",
        "isActive": true,
        "likedBy": 6
    }
},
{
    "model": "posts.like",
    "pk": 7,
    "fields": {
        "post": 7,
        "createdAt": "2020-05-13T23:46:14.413Z",
        "isActive": true,
        "likedBy": 7
    }
},
{
    "model": "posts.like",
    "pk": 8,
    "fields": {
        "post": 8,
        "createdAt": "2020-05-13T23:46:14.979Z",
        "isActive": true,
        "likedBy": 8
    }
},
{
    "model": "posts.like",
    "pk": 9,
    "fields": {
        "post": 9,
        "createdAt": "2020-05-13T23:46:15.525Z",
        "isActive": true,
        "likedBy": 9
    }
},
{
    "model": "posts.like",
    "pk": 10,
    "fields": {
        "post": 10,
        "createdAt": "2020-05-13T23:46:16.154Z",
        "isActive": true,
        "likedBy": 10
    }
}
]
